,date,rating,userName,title,content,platform
0,2022-03-07,5,소나무탬버린,택시충으로서 아이엠택시 진짜 강추,"일반택시에서 느꼇던 불편, 불쾌했던 것들? 이  개선된 서비스인거 같음 작년에 눈 엄청 오던날 카*이 하도 안와서 빡쵸있었는데 지나가던 아이엠 잡아서 첨 타봤는데 엉뜨도 되고 넘 좋아서 계속 이용중ㅎㅎㅎ 이젠 택시 탈 일 있음 무조검 아이엠 ㅋㅋㅋㅋㅋ 기사님도 너무 친절하고 좋으심 예약하기전에 조용히 가기? 그런 옵션도 선택할 수 있어도 좋음 무엇보다 차가 커서 그런지 레그룸도 넓고 그리고 택시타면 항상 나던 ..특유의 찌든내...? 그런게 안나서 넘 좋아요!!! 
주황택시보다는 약비싼감은 있지만 이왕 택시 타는김에 걍 기분 좋게 탈 수있는 아이엠 선택합니다!!
친구 추천 하면 쿠폰도줌 개이득 !!!",AppStore
1,2022-02-14,5,붕붕씽씽마니아,아이엠 마니아,"편하고 친절한 아이엠 애용하고 있어요

차량이 많아져서 다양한곳에서
만나보고싶어요",AppStore
2,2022-02-13,5,첫차사용자(1),아이엠을 알고 아이엠만 씁니다.,"카카오 타다 위주로 탔는데요. 아이엠을 알고 아이엠만 사용합니다. 기사님들이 타회사와 달리 친절하시고, 차량도 너무 편안합니다. 리무진 시트의 편안함을 알고나니 일부러 아이엠을 찾게 되네요.

 타다 넥스트 타다가 토할뻔한적이 있는데, 카니발로 편안함을 찾았습니다. 앞으로도 계속 아이엠만 사용 할 생각입니다!",AppStore
3,2022-02-13,5,루나신,편안하고 복불복이 아니여서 좋아요,"일단 타면 편하고 말도안거시고 
제 공간을 확보한 기분이 들어서 더 좋습니다.
냄새 안나는게 제일 좋구요:)",AppStore
4,2022-02-13,5,바바라밥바,굿,굿,AppStore
5,2022-02-13,5,유영한유쨩,아이엠 추천해요,"호출하고 대기시간이 조금 길었지만 
기사님이 친절해서 너무 좋았어요!
내부도 쾌적하고 깨끗하고 넓고 좋아요~",AppStore
6,2022-02-11,1,아이어오오오별명되는게없어,네비 좀 바꾸세요,"3000원 나오는 거리를 돌아돌아서
5000원이나 부과하고 안늦으려고 택시타는건데
^^덕분에 늦었네요 아이엠 이제 안써요
네비진짜 욕나옴 겁나 뺑뺑이돌림
돈을 더 받으려고 수쓰는건지
택시 이용하면서 사람만 빡치게 하네요 지우겠습니다",AppStore
7,2022-02-07,4,xcxhxoooooi,경기도,경기도 외각 하남.. 까지 와주세요..,AppStore
8,2022-02-03,5,고조미,강아지,잘쓰고 있어요. 혹시 강아지 데리고 타도 되나요?,AppStore
9,2022-01-21,4,𝚓𝚘𝚘𝚗𝚒𝚎,서비스 질 및 앱 개선,"아이엠을 만나고 웬만해선 아이엠을 애용합니다. 
그 만큼 기사님의 서비스와 아이엠만의 특성화된 차량이 만족도가 높다는거겠죠.

하지만 간혹가다 있으신 기존 아이엠 기사님들과 다른, 
제가 신물나던 예의없는 일반 택시 기사님들의
느낌이 나는 기사님들이 아직도 존재 합니다 ㅠㅠ.. 물론 100%를 바랄 순 없지만.. 
아이엠을 고집해서 사용할 수 있게 도와주세요. 

그리고 이건 필수적으로 추가되야 한다고 생각하는
기능입니다. 아이엠은 택시 호출 기능이 일반 앱
택시에 비해 더 길다고 느껴지는데, 더 길면 긴 만큼 확실하게 아이엠이 잡혔을 때 알림기능이 있어야 한다고 생각합니다.
대기시간이 길어져 잡힌줄도 모르고 있다가 도착했다는 알림이 뜨면 당혹스러울 때가 많습니다.",AppStore
10,2022-01-12,5,xbsssg,강동구 사는 임산부입니다 감사해요 ㅜㅜ,"저는 이런게 있는줄 몰랐어요!!!!ㅠㅠ
보건소에 갔다가 포스터를 보고 우연히 알게됐는데
저희가 뚜벅이라 임산부로서 병원갈때 뿐만아니라
아이낳고 조리원에서 집에올때 어떻게 와야하나 고민이 많았거든요 차와 카시트마저 없으니까요..
그런데 강동구랑 아이엠이랑 같이 이런 서비스를 제공하고 있었다니!! 더 홍보가 되야겠어요!!
정말 감사할뿐입니다ㅠㅠ
이제 곧 예정일이 다가오는데 산부인과갈때랑 아기 데리고 집으로 올때 잘 이용하겠습니다, 감사해요!! 아이있는 뚜벅이 가정에게는 희소식입니다'
정말 좋은 아이디어!!! 칭찬해~",AppStore
11,2022-01-07,1,Notyobizs,어플끄면 배차 취소되게 해주세요,"어플을 완전히 끄면 배차가 자동으로 취소되게 해주시면 너무 편할 것 같아요. 

취소가 된줄 알았던 차가 배차가 되어 기사분에게 너무 혼이 났네요 ^^; 물론 취소 되는줄 알고 착각한건 제 불찰이였지만 그렇게까지 계속 뭐라고 하셔야 할 건지까진 모르겠습니다…",AppStore
12,2022-01-06,5,왜이러는거유,택시 더 많이 늘려주세요!!!!!!,"야근할 때마다 아이엠택시 맨날 잡는데
오늘 드디어 첫 차 탔습니다..너무 너무 쾌적하고 좋아요
기사님한테 물어보니 수요는 점점 늘어나는데
차가 몇백대밖에 없다고 하시더라구요..?
잡힐 때마다 탈거니꺼 번창하시고 마니마니 늘려주세요…",AppStore
13,2021-12-31,5,dschu95,좋아요,"강제 배차된다는 점이 매력적입니다
불필요한 말도 안하시고 안전운전 하는 편이세요
일단 시트도 편하고 손소독제에 충전기에 공기청정기까지... 기본료도 400~700원 더 붙는거 말고는 거리,시간비례 요금제인것도 똑같아서
카X오 택시같은건 절대 이용안하게 돼요 ㅋㅋ 강추 !
초대코드 이거 넣으시면 5000 받으신대여 이거 넣어주시면 감사 🤍 Code : X92316",AppStore
14,2021-12-08,5,기숙씨,정말 고마운기사님,외근나갔다가 피곤한상태에 도착지에 서둘러 내리다가 회사법인카드를 놓고내렸고 다행히도 기사님이 찾아주셔서 너무감사했어요. 윤기철 기사님! 감사해요,AppStore
15,2021-12-05,5,여니Yu,솔직히 최고,"작년에 우연히 아이엠을 접하게 됬는데 
무조건 아이엠만 타게됩니다… 
타사 일반 택시와 가격차이도 얼마 안나는데 타사 벤티에 비하면 훨씬 합리적인… 
휴대폰 베터리 없어도 아이엠 타서 충전하면 된다는 생각이 요샌 즉각적으로 나서 저는 너무 편하게 잘 이용하고 있습니다.. 무엇보다 새벽에 위험하다고 택시타는걸 어머니께서 안좋아하는데 위치공유, 그리고 드라이버님의 전문성 등등으로 아이엠 타고 집갈때는 걱정을 딱히 안하셔요",AppStore
16,2021-12-05,5,환불 취소. 다운 받지도 않았어요,왜 우리는 불편을 감수해야 했던 걸까,"일본 여행에서 느끼는 택시 기사님들의 친절과 높은 수준의 서비스를 보면 택시비가 전혀 아깝지 않다고 느끼게 된다. 
미국에서 우버를 타고 이동하면 그 편리함에 감탄하지 않을 수가 없다. 

이 모두를 만족시키는 새로운 교통수단이 바오 아이.엠 택시다. 
편리함과 양질의 서비스를 모두 만족시킨다. 
일반택시와 요금 차이가 많지 않으면서도 금액 대비 아이.엠 택시를 타고 받는 서비스와 만족감은 매우 높다. 

짐이 많을 때, 여러명이서 이용해야 할 때, 몸이 불편할 때, 아이와 함께 이동할 때, 접대해야 하는 상황에서도 추천한다. 

무엇보다 직관적인 어플리케이션으로 사용이 쉽다. 

많은 프로모션으로 저렴하게 탈 수 있는 기회도 많다. 

운행 수가 일반 택시에 비해 적으나 호출과 동시에 대부분 택시가 잡히기 때문에 (호출시엔 기사님은 도착지를 알 수 없다고 함) 오히려 대기 시간이 적다. 

주변 지인들은 모두 내 추천으로 이용하며 오히려 나한테 고맙다고 한다.",AppStore
17,2021-12-04,5,bins빈쓰,출범 이후 꾸준히 탑승 하고 있습니다!,출범 이후 꾸준히 탑승하고 있습니다~ 전 차량 고급 카니발차량에 이동중에 모니터로 인터넷 사용 및 현재위치를 보면서 이동할 수 있어 너무 좋고 무엇보다 기사님들의 친절도가 너무 좋아요! 공항갈때 미리 예약할 수 있어서 시간 쫓기지 않고 택시를 탈 수 있어 좋아요! 편안함을 넘어 안전까지 보장되어 있으니 계속 타게 되네요! 아이엠 덕분에 일상의 소중함을 지킬 수 있어요 🙂🙂,AppStore
18,2021-11-30,4,앙뿔뺜샹옹,차도좋고 기사님들도 다 좋아요,"그런데 어플리케이션이 이상해요
배차됐는데됴 알람이 안떴고
지니 기사님들 사용하시는 네비게이션은 직진으로가면 삼분만에 가는길을 지하철 역 하나만큼 돌아가라고 뜨고
제발 개발에 투자좀 해주세요 부탁드립니다.",AppStore
19,2021-11-30,5,미니뉴이어,호출 택시 중 제일 맘에 들어요!,"처음 이용할땐 배차도 잘 안되고 해서 한동안 안썼는데
요즘 차량이 많아진건지 배차도 잘되고, 
신형 카니발 진짜 너무편해요♥ 가격도 타 브랜드 보다 괜찮아서 요즘은 항상 아이엠만 타는거같아요",AppStore
20,2021-11-30,4,재보기 1118,너무 만족스럽긴 한데...,"예전 타다같구 여러가지 다 좋은데....
도착 예상시간이....무한정 늘어나요
오분 오분 오분 일분 일분
이런식으로 너무 늘어나요
그러다보니
호출 시 거리가 먼 기사분들로 배정도 마니 되구
도착시간이나 금액이 처음에 뜨는 예상치와 차이가 마니나요
지금도 계속 오분 오분 오분 기다리는중....",AppStore
21,2021-11-30,5,모찌빵,택시 서비스 중 단연 최고!,"일반 택시의 난폭 운전, 택시 냄새, 무례한 기사님에 환멸나던 와중 만나게된 빛과 같은 아이엠 택시!
삶의 질 향상 아이템 중 하나에요 :) 
기사님들 기본적으로 친절하시고 안전한 운행을 도와주십니다. 다들 꼭 한번 타보시길~!!!",AppStore
22,2021-11-30,5,늘 친절해요 ^^,아이엠택시가 더 많이 늘어났으면 좋겠어요 ^^,"매일 아침 출근길에 이용합니다. !!:) 한번 이용하면 다른택시 절대 이용 못하는 매력이 있습니다. 기본요금이 중형보다 2-3천원 비싸지만, 그 만큼 프라이빗한 서비스를 이용할수 있습니다. 돈이 절대 아깝지 않아요. *경험 요약* 01. 프리미엄 신형 RV차량으로 넓고 쾌적합니다. (최신형 카니발 11인승 / 전 좌석 리무진 시트) 02. 24시간 안전하게 이용 가능하며, 강제 배차 및 운행 거부가 없습니다. 03. 무료와이파이 제공 태블릿 PC 설치와 충전가능한 케이블이 준비되어 편리하고 이동이 지루하지 않습니다. 04. 프라이빗하게 방해 받지 않고, 매우 조용하며 기사님(=지니님)이 모두 친절 합니다. 05. 가방지참시 반려견동반 가능합니다. ❤️ 무조건 이용하셔야 합니다. 꼭 이용해보세요. 강추합니다.",AppStore
23,2021-11-30,5,순댕마미,아이있는 엄마로서 아이엠택시는 너무 좋은 서비스같네요,"아이가 있는 엄마 입장으로서 아이엠택시는 보다 편안한 마음으로 탈수있었어요. 다만 앱으로 호출을 하면 제가 있는 곳까지 오는 시간이 오래 걸리긴 하지만 그걸 감안해서라도 타는 편입니다. 타 택시에 비해 친절도, 청결, 서비스 등이 월등하기 때문입니다. 요금 또한 몇백원차이로 비싼거라 딱히 비싸단 생각도 안들고 친구추천해주고 받는 쿠폰도 쏠쏠하네요^^ 앞으로도 꾸준히 잘 이용할게요!",AppStore
24,2021-11-30,5,아멜랴,늘 감사드립니다🚕,"정말 최고의 택시 어플인 것 같아요. 최신형 카니발 11인승으로 운행되고 전 좌석이 리무진 시트인데 밤에 탈 때는 금액 차이가 그냥 일반 택시랑 크게 없어요. 
지니님들이 평균적으로 다른 일반 택시 또는 타 콜택시 기사님들에 비해서 더 친절하신건 물론, 차량에 비말 차단 스크린과 공기청정기가 설치되어 있고 늘 깨끗하고 쾌적해요. 손 소독제도 당연히 비치되어 있구요. 일반 택시들은 간혹 담배 냄새나 음식 냄새, 퀴퀴한 냄새들이 나기도 하는데 아이엠은 단 한번도 그런 경험이 없었고, 미세먼지가 심한 날에는 오히려 아이엠 택시 내부가 쾌적했어요...
아 자동 슬라이드 도어로 승하차 시에 손에 짐이 많거나 만취일 때도(^^) 불편함 없이 이용이 가능해서 너무 좋아요. 
그리고 쿠폰도 잘 챙겨주어서 은근 쏠쏠하더라구요ㅎㅎ 택시를 잡기 어려워질까봐 아이엠을 너무 홍보하지 말까 싶으면서도, 너무 애용하고 있고 늘 감사하기 때문에 더더욱 잘 되어서 지니님들도 많아지길 바라는 마음으로 열심히 추천하며 잘 사용하고 있답니다! 늘 감사해요 :) 
⠀",AppStore
25,2021-11-29,5,dsfghajk,아이엠 맛들리면 일반 택시 못타요..,진짜 질에 비해 가격도 일반 택시랑 많이 차이 나는 것이 아닌데 너무 좋아요.. 코로나로부터 많은 방역을 고려한 택시인게 느껴져서 쾌적하고 안심해서 목적지까지 갈 수 있어요  주변 지인들한테 권유했는데 그 이후로 종종 아이엠 즐겨 타는 거 보면 괜히 뿌듯하고 그래요 ㅎㅎㅎ 다만 택시 안에 충전기가 잘 안될때가 많더라구요ㅠㅠ 그거 빼고는 99.999% 만족입니다 !!!!,AppStore
26,2021-11-29,5,de__rose_,요즘 저의 발입니다 .. 추천해요 아이엠🖤,"요즘 정말 택시 잡기가 힘들더라구요..? 
특히 금요일밤 주말에 택시는 특히 !! 
비오는 날 몇개의 택시에게 거절당하고 불렀는데.!! 
정말 어플 다운받고 부르자마자 잡혔어요 !! 
알고보니 목적지를 모르고 기사님이 오시는거라고 안내해주시더라구요:) 

어플로 제가 원하는 부분(조용히 가고싶다/길선택) 을 체크할 수 있고 무엇보다 차가 카니발이라 쾌적하고 편안했어요!! 
골프 라운딩 급히 갈때, 큰케리어 들고 공항갈때도 이용했는데.. 너무 친절하시고 편하게 이동했어요 :) 

그리고 좌석 앞에 테블릿도 바로바로 쿠폰 다운해서 적용되고. 무엇보다 이동중에 원하는 정보 찾을 수 있게 연동해두신게 인상적이더라구요 :) 

일반 택시랑 비슷한 가격이라면, 무조건 아이엠 입니다 !! 요즘 프로모션도 많으니 합리적인 가격에 편안하게 이용해보시면 좋을듯 합니다 ^^  💛",AppStore
27,2021-11-28,5,까b,#아이엠택시 탑승 후기 🚕,"i'm 택시를 처음 알게 된 건 친구의 추천 덕분이었어요! 택시 호출 플랫폼 모빌리티 서비스로, 기존에 우리가 사용하던 택시 어플이랑 비슷한 성격이라고 보시면 됩니다. 다만 디테일은 어마무시하게 다르다는 점! 전 차량은 최신형 카니발 11인승으로 운행되며 전 좌석은 리무진 시트로 업그레이드 되어있답니다. 참 고급지죠? 🤩 뿐만 아니라 손 소독제, 충전기, 와이파이, 공항예약, 시간대절 서비스까지 이용객들이 필요한 것은 모두 갖추고 있다는 점. 현재 가입하신 분들 대상 1만원 쿠폰 프로모션도 진행하고 있으니 다들 아이엠 택시 타보세요 ❤️ #프리미엄택시 #카니발택시 #안심택시 #택시어플 #콜택시 #공항택시 #택시추천 ❗️이 콘텐츠는 (주)진모빌리티부터 이용권을 제공받고 충분히 사용 후 솔직하게 작성한 리뷰입니다.",AppStore
28,2021-11-28,5,Audrey 오드리,매너있고 친절한 기사님과 프리미엄 차량,"아이엠 택시는 늘 기분좋게 탈 수 있는 택시였어요
택시를 타면서 랜덤하게 기사님들과 만나게 되는데
타 플랫폼에서는 느낄 수 없었던 친절함과 센스가 돋보이고
무엇보다도 차량이 정말 쾌적하고 고급스러워
비즈니스용도나 공항, 골프장 이용시에도 좋을 것 같아
주변에도 열심히 추천중입니다! ㅎㅎ",AppStore
29,2021-11-27,5,별명뭐어우으토터ㅓ ㅗㅗ,택시 기사님 너무 친절하세요!,"짐이 많아서 타게되었는데, 친절하고 안전하게 운전해주셔서 감사합니다. 차에 두고내린 잃어버린 물건도 다시 집까지 가져다주셨어요~~~~~ 너무 감사합니다. 자주 이용할게요 ^^",AppStore
30,2021-11-24,5,Pjh0223!,매일 애용하는 아이엠,"깨긋하고 조용해서 이젠 택시대신 매일 아이엠 애용합니다!

참고로 가입시  99846U 요 코드 넣으시면
할인쿠폰 나갑니다!",AppStore
31,2021-11-23,5,파아라앙아아앙,아이엠 타고나서 카카오택시 지웠습니다,"지금까지 여러 프리미엄 택시들을 타봤지만 
가격과 서비스 모든 면에서 아이엠이 최고입니다. 
한번도 이용해보지 않은 사람은 있어도
한번만 이용해본 사람은 없는 택시!! 

기본요금 4500원으로 중형과 비교했을때
2-3천원 차이인데 최신형 리무진 시트 카니발을 
탈 수 있다는게 가장 만족스러운 점이에요 

그리고 정식 교육을 받은 기사님들이 운행하셔서
더 안전하고 편안하게 목적지까지 이동할 수 있고
무엇보다 승차 거부가 없다는게 최고입니다! 

아직도 카카오택시만 타시는분 계시다면
할인쿠폰도 받으실 수 있으니 꼭 이용해보세요!",AppStore
32,2021-11-18,1,938372828483020,이거 보다 지나가는 차얻어타는게 더 빠름,..,AppStore
33,2021-11-12,5,joonsung1029384756,너무너무 편해요! 제가 타본 택시중에서 제일 좋은거 같아요. 그리고 기사님분들도 친절하세요,짱!,AppStore
34,2021-11-10,5,아니별명ㅇㅇ왜이래,늘 잘 이용하고 있어요,좋아요,AppStore
35,2021-11-09,5,규로로,이동수단의 표본,"아이엠택시가 이동수단의 표본이 되고 있는 느낌이에요
친절함과 거부없는 배차

가끔 못탈때 아쉽고 12분 15분 기다려서도 탈 가치가 있어요",AppStore
36,2021-11-07,5,Ddalkis,전 요즘 아이엠 택시만 타요,어플 사용 편하고 부르면 언제나 바로 오시네요. 좌석도 너무나 편해서 이동 시간이 즐거워요.,AppStore
37,2021-11-07,5,jimin_r,편리하고 깨끗하고 친절합니다,"편리하고 깨끗하고 친절합니다
거기다 쾌적하고 넓은 실내
4인이상 이동시 더 편리합니다",AppStore
38,2021-11-07,5,losndn,인프라는 좋은데,"인프라는 좋은데 너무 안 잡혀요
근 며칠 간 잡힌 적이 한번도 없어요",AppStore
39,2021-11-06,5,민서 설,부모님이랑 같이 타기 좋은 거 같아요,제가 뚜벅이라 부모님 모시러 갈 때 택시 이용 많이 하는데 차가 넓기도 하고 쾌적해서 자주 이용하게 되더라구요 ㅎㅎㅎ,AppStore
40,2021-11-06,5,성현 유,친절하시네요,차가 크고 편하다해서 탔는데 기사님이 친절하셔서 더 좋았던 거 같아요~ 다음에 또 이용할게요~,AppStore
41,2021-11-06,5,Kwon Homin,두번째 타봤어요!,지난번에 짐때문에 한번 탔었는데 서비스도 만족스럽고 깨끗해서 또 이용했어요 ㅎㅎ 이번에도 만족했습니다,AppStore
42,2021-11-06,5,영식 인,내부가 쾌적해요,카니발 차량이 넓어서 내부가 쾌적하네요 ㅎㅎ 방역도 잘 되어있고 괜찮습니다~,AppStore
43,2021-11-06,5,Yang Jiyeon,안심하고 탈 수 있어요,"코로나 시국에 공기 살균기나 비말차단, 소독제 같은 것도 구비되어 있어서 안심하고 탈 수 있어서 좋네요",AppStore
44,2021-11-06,1,zach103,최악의 서비스,"아저씨 멋대로 네비게이션대로 안가고 경로를 두번 바꿈
이미 거의 도착할 시간인데도 반밖에 못가서 중간에 내림
그것도 내려달라고 하니까 인도쪽에 세워주는게 아니라 도로 중간에서 문을 열어버림",AppStore
45,2021-11-05,5,배중사,너무 좋아요,옛날 서비스 좋았던 타다의 서비스를 합리적인 가격으로 만날 수 있어서 강력 추천. 리뷰 잘 안남기는데 너무 좋음.,AppStore
46,2021-11-04,5,숑숑키숑,아이엠,길가다 처음 보고 알게된 아이엠 택시인데 너무 좋아요 맨날 애기랑 다녀서 넓고 자동문이고 공기청정기도 잇고 짱이에요!!,AppStore
47,2021-11-03,5,상선 연,태블릿PC까지 있어서 심심하진 않네요ㅋㅋ,주로 택시타면 장거리로 이동할 때가 많은데 택시안에 태블릿PC가 있는건 처음 보네요ㅋㅋ 거기다 와이파이까지 쓸 수 있어서 태블릿 안쓰고 폰으로 유튜브나 웹툰 보면서 잘 이용하고 있습니다ㅋㅋ,AppStore
48,2021-11-03,5,Sin Jungsoo,자주 이용해야겠어요!,일때문에 택시타는 일이 많은데 짐도 많아서 일반 택시는 좁기도 하고 불편했거든요.. 그러다 아이엠 이용해봤는데 카니발이라 그런지 넓어서 좋고 승차감도 괜찮아서 자주 이용해보려구요ㅋㅋ,AppStore
49,2021-11-03,5,Gang Shim,단점보단 장점이 많네요,이번에 짐이 많아서 일반 택시말고 큰 차를 불러야되는데 뭘 부를까 알아보다가 아이엠 이용하게 됬는데 차가 커서 적재는 편하게 했고 기사님이 운전을 잘해주셔서 승차감도 엄청 좋았고 친절하셨어요 짐 많을때 말고도 자주 이용해야겠어요,AppStore
50,2021-11-03,5,용환 우,자주 이용해야겠어요,이번에 강남쪽에서 택시가 잘 안잡혀서 어쩌지하고 있는데 친구가 뭐 불렀다고해서 기다렸는데 아이엠이더라구요 비용도 일반 택시랑 별반 차이없고 코로나 시국에 손소독제도 비치되어있고 공기 살균기도 있고 맘 편하게 잘 탔네요ㅎㅎ,AppStore
51,2021-11-02,5,남호 고,카니발이라 그런지 승차감이 좋음 ㅋㅋㅋ,승용 택시는 가끔 기사님이 급정거나 급출발하면 어지럽고 그런데 카니발이라서 그런지 승차감이 좋음... 편안함 ㅋㅋㅋ,AppStore
52,2021-11-01,5,구범 장,호출할때 옵션기능 있음,택시타면 기사님이 말거는거 좀 불편해하는편인데.. 아이엠은 부를때 말안걸어주는 옵션이 있어서 그렇게하면 진짜 편하게 갈 수 있고.. 배차도 전에 다른거 쓸때보다 빨랐어요~ 운전도 안전하게 잘해주셔서 자주 이용할것 같아요,AppStore
53,2021-11-01,5,Bae No,보기만 했던 카니발택시 이용,전에는 카니발택시 탈일이 있을까 싶었는데 집에서 좀 많은 짐을 가지고 이동해야하는데 차가 없어서 딱 생각이 나더라구요~ 그래서 바로 설치해서 부르니까 바로 잡혀서 늦지않게 이동할 수 있었어요~ 기사님이 친절하시고 운전도 안전하게 해주셔서 짐이 흔들리지않았어요~,AppStore
54,2021-10-31,5,Jinhee Hyunji,차 안에서도 와이파이가 꿀이에요,제가 데이터 사용을 많이 안해서 요금제를 낮은 거 사용하는데 차 안에서도 와이파이가 되니까 훨씬 좋더라구요 ㅎㅎㅎㅎ,AppStore
55,2021-10-31,5,Eunyoung Choi 89,짐 많아도 눈치가 안 보이네요 ㅎㅎ,그냥 택시 탈 때 짐 많으면 트렁크도 열고 괜히 눈치 보이는데 그런 부분에서는 좋은 거 같아요,AppStore
56,2021-10-31,5,Fkang Jungran,편하게 이동할 때는 IM이 좋은 거 같아요,확실히 카니발 택시라서 그런지 안이 넓어서 좀 장거리 이동할 때는 훨씬 편하게 이동할 수 있는 거 같아요,AppStore
57,2021-10-31,5,Suh Ryu,장거리는 아이엠 이용할거 같네요,짐 있을 때 이용하면 진짜 좋은거 같아요 차량 내부도 넓고 공기청정기 설치되어 있어서 진짜 쾌적했어요 승차감은 말할것도 없고 운전도 부드럽게 해주셔서 안전하게 잘 왔습니다,AppStore
58,2021-10-31,5,Kyunghwan Hana,엄마랑 처음 이용해봤는데 좋았어요,엄마가 택시 불러서 가자는거 이동하는 거리가 좀 있어서 편하게 가고 싶어서 아이엠 호출해봤어요 차량 내부가 넓어서 일단 마음에 들었는데 역시 승차감이 너무 편안하고 좋았습니다,AppStore
59,2021-10-30,5,준서 김 34,강아지 병원갈 때 이용하고 있어요~,댕댕이 데리고 택시타면 종종 승차거부 있거든요ㅠㅠ 근데 아이엠 기사님 정말 친절하세요!! 그리고 차량 내부가 넓고 승차감 좋아서 너무 편안하게 왔어요,AppStore
60,2021-10-30,5,Jongsoo Jieun,짐 가지고 이동할 때 편해서 좋네요,친구네 집 잠시 공사한다고 저희에 짐을 좀 맡겼는데요 친구랑 같이 아이엠 타고 이동해봤는데 차안에 태블릿 피씨도 설치되어 있어서 둘이 심심하지 않게 왔어요 ㅋㅋ 공기청정기도 있어서 신기하네요,AppStore
61,2021-10-30,5,Hyuksang Hyejin,예민한 고양이 데리고 타기 좋아요~,저희집 고양이가 겁도 많고 예민한 성격이라서 일반 택시 타면 눈치 보인적이 한두번이 아니었어요 아이엠 길거리에서 자주 봐서 카니발 택시 궁금해서 불러봤는데 차량도 넓고 공기청정기 때문에 공기도 쾌적해서 좋았어요 너무 편하네요,AppStore
62,2021-10-30,5,Koo Jia,멀리 이동할 때 좋습니다,장거리로 갈 때 지하철이나 버스는 불편하고 코로나 때문에 사람 많은데 불안하기도 하잖아요 택시타면 멀미를 자주 해서 아이엠 처음 호출해봤는데 운전도 부드럽게 해주시고 너무 편안했어요,AppStore
63,2021-10-30,5,Eunmi Taehee,공기청정기는 처음 보는거 같아요!,차량 내부에 공기청정기가 설치되어 있더라구요 ㅋㅋ 차 타면서 공기청정기는 처음 보는 것 같아요 기사님도 너무너무 친절하셔서 제가 다 감사한 마음이 들었고 앞으로 자주 이용할게요,AppStore
64,2021-10-28,5,재현 황,고양이랑 외출할때 좋아요,애완 동물키우는 분들중에 차없는 분들은 아마.. 택시 이용 많이하시는데 동물이랑 타는거 안좋아하는 기사님들이 종종있어요 ㅠ 고양이가 아픈데 택시 부르려니 동물은 좀 힘들겠다고 거부당했는데.. 아이엠은 그런 문의했을때 문제없이 기사님이 바로 와주셨어요~ 덕분에 편하게 동물병원에 다녀올 수 있었어요. 카니발택시라 넓고 쾌적하고 흔들림도 적어서 고양이도 안울더라구요^^;,AppStore
65,2021-10-28,5,Oh Hyesun,친구가 타보고 괜찮다고 해서,저도 이번에 이용해보게되었는데.. 다른 카니발택시도 타봤지만.. 만족도가 제일 높았네요^^ 와이파이랑 태블릿피씨가 있어서 이동하는동안 간단한 업무를 본다거나 하기도 괜찮고.. 운전도 편하게 하셔서 불편함도 없었어요.,AppStore
66,2021-10-28,5,동윤 신12,위생이 좋아서 맘에들어요,요즘같은 시국 사실 택시타기도 좀 그런데 아이엠 타보니까 위생도 철저하고 손세정제랑 신경 잘 써져있어서 좀 낫네요,AppStore
67,2021-10-28,5,재혁 하,카니발이 택시니까 신기하네요 ㅎ,카니발이 택시라고 하고 마침 짐도 있고해서 불러봤는데 알고 불럿는데도 뭔가 신기 ㅋㅋㅋㅋ 확실히 차가 크니까 타고 가는 느낌도 좋더라구요,AppStore
68,2021-10-28,5,Sunggon Go,쾌적해서 좋아요,요즘 날도 덥고 진짜 밖에 답답해서 오래있지도 않는데 뭔가 그냥 택시는 타도 좀 짜증나고 그런데 얘는 카니발이라 일단 넓고 쾌적해서 좋네요 이래서 큰차 타는 듯,AppStore
69,2021-10-25,2,Jjjjje99,일반 택시랑 큰 차이를 못 느끼겠어요,좀 더 편하고 안전하게 가려고 돈을 더 내고도 이용하는건데 초반과는 다른게 기사님들 운전이 그렇게 안전하다고 생각되지도 않고 도대체 기사님들은 왜 질문을 하면 아예 대꾸도 안하시는지…? 대화를 자제해 달라는 요청을 체크했어도 창문 열어달라거나 덥다는 말에 아예 안들리는 것 처럼 대꾸도 없으신 이유가 뭐에요? 벌써 두번이나 이런 일이 있는 걸 보면 기사님 한분의 문제는 아닌 것 같습니다. 로보트가 운전하는 택시인 줄 알았어요. 덕분에 내릴 때까지 멀미나서 죽는 줄 알았습니다. 전체적으로 가격에 부합한 서비스 개선이 필요할 것 같습니다.,AppStore
70,2021-10-19,1,냐허오,택시 드럽게 안잡힘,몇번을 시도했는지 모르겠네요,AppStore
71,2021-10-12,2,godbird66,강남 평일 밤에도 호출이 안되는 아이엠..,"야근하고 11시 넘어서 호출해보면 차량이 없어서 2-3번은 시도해야 간신히 잡히고 아예 없는 날도 수두룩해서 카카오밴티 타고 가는 날이 훨씬 많은듯

시간대가 문젠가 싶었는데 새벽 1-2시에도 상황은 같음
주말은 훨씬 더 부족해서 아예 안쓰고 싶어짐
이런 문제는 나만 느끼나 싶었는데 아이엠 사용하는 주위 지인들도 공감함
초기에는 안그랬던거 같은데 요즘은 한 번에 호출되는 경우가 없다

이 글을 아이엠 대표가 볼 일은 없겠지만 
마케팅 종사자로써 느끼는 생각은 
현재 배차되는 차량도 턱없이 부족한 것 같아보이는데
배차 공급량부터 안정적으로 맞춰놓고 마케팅 하시길
스타트업 분위기면 그러려니 하고 넘어가겠는데
이미 완성된 냄새풍기는 껍데기 마케팅은 그리 오래 지속 못합니다 
요즘 컨슈머들이 무지하지 않기에 이러한 문제를 본사에서도 인지를 한다면 부족한 걸 인정하고 대책이라도 마련하겠다고 공지를 올리는 편이, 떠나는 유저 붙잡는 유일한 길입니다 

그간 이용한 아이엠의 쾌적함과 기사님들의 친절이 생각나 잘되길 바라는 마음에서 리뷰씀",AppStore
72,2021-09-30,5,Sem1457,완죤짱!!!,솔직히 어플로 이용한 사람은 아니에요~오늘 처음 이용한 건데 기사님 완죤 친절~실내도 쾌적!!! 택시 이용시 이동도면 쵝오!!!ㅋ,AppStore
73,2021-09-30,3,하정말..,"배차가,,","호출을 정말 여러번 시도했는데,, 한 번도 못타봤습니다ㅠㅠㅠ 꼭 이용해 보고 싶은데,,, 내일은 꼭 배차되면 좋겠네요,,,",AppStore
74,2021-09-30,4,뽀로리즘,카카오 택시화되어가는 아이엠,"처음에는 기사님 수준 및 배차 성공률에 감동했지만 요즘은 택시도 잘 안 잡히고 기사님 수준도 크게
다르지 않은 것 같습니다.",AppStore
75,2021-09-28,2,토토로데쓰네~,ㅠㅠ,"초단위로 지도에서 기사님 위치가 널뛰기하듯 계속 바뀌어서 어디신지도 모르겠고, 호출 취소도 안되니 비오는데 다른 택시를 부를 수도 없고 막막히 기다리는 수밖에 없습니다 ㅠㅠ 타고 나면 좋은데 ui 제발 개선 해주세요",AppStore
76,2021-09-21,5,Hyeon!,너무 좋아요,"아이엠택시 잘 이용하고 있어요
기사님들도 친절하시고 좌석도 넓고
트렁크에 큰 물건도 실을 수 있어 좋습니다. 
다만 요즘은 배차가 잘 안되어서... 서울 외곽쪽은 배차가 돼도 15분 이상 기다려야 할 때도 많고요. 
이용자가 많이 늘어나서 차량도 많아지고 서울 말고 다른 지역에서도 이용할 수 있으면 좋겠어요. 화이팅입니다",AppStore
77,2021-09-21,2,안냥하새우,호출 가능한 택시가 많이 적은 것 같아요,강남 한복판에서 평일 이른 오후에 호출을 20분 넘게 기다렸는데 안 됐어요 각기 다른 날 세 번 해 봤는데 한 번만 이용 가능했어요~ ㅠ,AppStore
78,2021-09-17,1,hddka,전 보통택시보다 친절하신줄,켁 오히려 녹음하고 있다고 소리치시면서 신고당했네여,AppStore
79,2021-09-15,5,imimoopp,초기부터 이용한 리얼 리뷰 달아드립니다,"초기 서비스지역 확대전 전화로 불러가며 사용했던 이용자입니다 평소 타사 택시 서비스를 자주 이용했었는데 지금은 오로지 im택시만 이용합니다 

서비스 지역 확장 빠르게 해주셔서 감사하고
퀄리티 높은 서비스 제공 또한 감사드립니다

초기에 차량이 많이 없어 이용이 힘들었는데 요즘엔 거의 3분내 거리에 위치한 차량이 배차되어 좋아진것 같습니다 

아직까지 기사님에 대한 불편함을 못 느끼고 있어 직원관리도 잘 되고 있다 생각합니다 유지해주시길 바랍니다 

처음 이용하시는 분들은 아마 탑승위치를 맨 마지막에 설정하게 되어 조금은 불편할 수 있을 것 같습니다 
맨 처음부터 탑승위치를 설정할 수 있으면 좋을 것 같고 

탑승위치 목적지 동일하게 이용하는 회수가 많아서 
즐겨찾기 기능이 있으면 좋을것 같습니다

월 평균 30만원 이상 im에 지출하고 있는것 같은데 저같은 이용자가 있으니 성공할듯 합니다

추가로 서비스 이용 설문 등등 적극적으로 참여할 의사가 있으니 언제든 연락 부탁드립니다 

감사합니다",AppStore
80,2021-09-15,5,My012,쾌적하고 편해요,모든 차종이 자동으로 열리는 문 차종이 아니라 조금 불편하지만 일반택시보다 편하게 이용할 수 있어 좋아요,AppStore
81,2021-09-14,5,S.Clemens,좋아요!,이용하기 편리합니다 ^^,AppStore
82,2021-09-13,4,모모미나,메세지 기능,"고객입니다.
아이엠 택시 이용하는건 바쁠 때 이용하는건데
우선 요청해놓고 준비 얼른 하고 나가야 하는 상황이 많아요. 도착했다는 알림이나 기다려달라는등 메세지 기능 부탁드려요.
일반 택시처럼 무턱대고 도착하면 서로 모르는 사람 끼리 통화하는것도 불편하고,준비한다고 전화 받는것도 번거롭고, 특히 기사님들 중에 전화 안받으면 몇통씩 하시는 분들도 있어요.",AppStore
83,2021-09-12,5,소잃고 뇌약간 고친다,이건....제가 알던 택시가 아닙니다..!,"처음에 길에서 급하게 빈택시 잡아서 타서
기사님이 새로 나온 택시라고 설명해 주셔서 알게 됐는데 왜이렇게 친절하신가요ㅋㅋ 어플까는거까지 같이 잘 알려주시고 택시내부 공기도 냄새도 너무 쾌적하고(공기청정기 항상있음) 택시 호출할 때 기사님들 스타일 체크가능해서(조용히 갔음 좋겠음 등) 진짜 좋은거 같아요
제가 다섯번정도 이용해봤는데 기사님들 다 친절하셨어요.. 택시 거친분들도 많으신데 너무 다들 착하셔서  기분도 좋아지더라고요
자동문이어서 손 댈 필요없어서 편리하고 다른 기본승용차 택시보다 기본요금 1-2천원 돈더줘도 앞으로 이택시만 계속 탈거같아요 그 이상의 가치가 있는곳..!!
내부도 각자 기사님 스타일대로 정리하기 나름인데 아이엠택시는 항상깨끗한 복제된 택시같은느낌으로 다 깨끗하고 내부냄새좋고 쾌적 친절해요~ 
관리 완전 잘 되있는 업체느낌이에요
★아예 안타본 사람은 있어도 아이엠택시를 한번만 타본 사람은 없ㄷr..!★",AppStore
84,2021-09-12,5,뚜룐,아이엠택시 장점은 편안함. 단점은 콜시간이 조금 더걸림,"우연히 국민스타뱅킹에서 3000원 할인쿠폰을 받게되어 처음 아이엠택시 이용했습니다. 무거운 짐이 있어서 불렀는데, 소나타 택시가 오길래 너무 잘됐다 생각했어요.
  과묵했지만 궁금한 점을 묻는 저에게 대답만큼은 매우 친절하게 해주심 기사님과 도란도란 아이엠택시에 대해 많이 듣게 되었어요. 기본 요금이 4500원이고 새로 만들어 여러조합이 합쳐진 것이리 바꾸는 택시마다 소나타 새차를 쓴다고. 그런데 홍보가 안되어 좀 속상해하셨어요. 처음 타보니 차가 크고 쾌적하고 안에 휴대폰 충전기와 공기청정기도 있고 머리 대는 부분 쿠션이 진짜 푹신하더라고요.
  솔직히 택시는 매일 타는 것 아니고, 가끔 체력 떨어지거나 급할 때 또는 무거운 짐 들고 공항이나 역에 갈 때 종종 타는 건데 일반 택시와 거의 비슷한(거리에 따라 1~3/4천원 차이?) 가격에 더 좋은 서비스를 받는 느낌이라서 저는 상당히 만족스러웠어요. 그리고 시행한지 얼마안되어 쿠폰도 많이 주셔서 자주쓰는택시랑가격도 비슷해요. 그래서 요새는 원래쓰던 택시앱 두고 이걸 쓰고, 친구들한테도 택시 탈 일 있을 때 타보라고 권하면서 홍보해요. 일단 타봐야 다른 사람들도 기존 택시 서비스랑 비교하고 판단할 수 있으니까요. 

 원래쓰던택시앱도 요새는 6-8분 콜시간 넘겨 잡히는 경우가 좀 잦습니다. 아이엠택시는 아직 서울 시내에 500대 정도 보급되어있다고 알고 있어요. 그래서 콜시간이 15분 정도는 걸리더라고요. 이건 솔직히 이쉬운 부분인데, 점차 짧아질 거라고 기대할게요.",AppStore
85,2021-09-12,5,긔욥긔긔,아이엠 두달째 사용중입니다,"초반에는 차량수가 적어서 잡기 힘들었는데, 요새는 근처에 차량도 많아서 금방 이용가능해서 더 좋아요
쿠폰때문에 이용했던건데 일반 택시보다 편하고 기사님들도 친절해서 아직 이용중입니다. 가끔 쿠폰 이벤트도 주기적으로 해주시면 너무너무 감사할 것 같아요ㅋ
일반택시보다 조금 더 비용은 들지만 그만큼 좋아서 앞으로도 잘 이용할 예정입니다~",AppStore
86,2021-09-12,5,나!/,너무너무 좋아요💗 이제 아이엠만 타려구용!!,"아이엠 택시 지인 추천으로 처음 이용해봤는데 기사님도 정말 친절하시고 생일날이었는데 자동문이 열리고 좌석도 너무 편하고 진짜 좋더라구요! 목부분에 쿠션까지 진짜 최고에요! 

거기다 공기청정기도 있어서 진짜 대접받는 기분이에요! 완전 공주님 된거같은 느낌이었어요!  그리고 태블릿이 있어서 심심하지도 않고 잡히기도 빨리 너무 좋았어용☺️ 안타보신분들은 완전완전 추천드려요👍👍🥰",AppStore
87,2021-09-11,5,rimrim5,앞으로는 Im 택시만 이용할 것 같아요,"얼마 전에 알게되어 몇 번 이용해 보았습니다. 기사님들 모두 친절하셨고, 안전하게 운전해 주셨습니다. 차가 커서 좌석이 여유가 있어 좋았고 새차여서 아주 깨끗했습니다. 아이들 하교시에 이용을 해보았는데 악기 가방도 문제없이 들고 탈 수 있었습니다. 앞으로는 im 택시만 이용할 것 같습니다.",AppStore
88,2021-09-09,5,안경쓴에이스,유용하게 잘 이용하고 있어요!!!,유용하게 잘 쓰는중 ㅎㅎㅎ 멀리 외근나가는 경우가 종종있는데 제가 운전 공포증이 있어서 ㅠ 승용차를 못타는데 카니발로 편하게 왔다갔다 할 수 있어서 좋아요!! 강추드립니당,AppStore
89,2021-09-09,5,개꾸르페이코,만족,일단 쾌적 / 요금도 합리적 / 기사님 겁나 친절 / 코로나 풀리고 여러명이 이동할때 좋을듯 합니다. 자주 이용 중이에요,AppStore
90,2021-09-09,5,누렁이27,대접받는 느낌의 택시!!,"임산부라 항상 조심하면 다니는데 우연히
접하게 된 아이엠택시!! 제가 만나뵌 기사님들 모두 친잘하세요. 늦게 온 건 아닌지 물어보시고 조용히 말씀없이 안전운전 하시는 기사님들이셨어요. 
그리고 무엇보다 차 안의 쾌적한 환경이 마음에 들었어요. 일반 택시를 타면 딱 택시냄새라고 생각하는 그런 냄새들이 늘 나서 타기싫고 버스나 전철을 이용했는데 아이엠 택시는 그런 냄새들이 안나서 좋았어요. 
일반택시와 기본요금 차이도 많이 나지 않아 상황에
따라 자주 이용할 거 같아요~!! 아주 굿이에요 굿!!",AppStore
91,2021-09-08,5,Wony37,새벽공항을 이용할때,"새벽에 공항에 갈때 이용 했습니다. 새벽 4시 반에 택시가 잡힐까 우려했는데, 정말 바로 잡혀서 3분만에 기사님이 오셨고, 아주 편하게 공항에 무사히 갈 수 있었습니다. 새벽에도 빠르게 잡히고 편하게 그리고 편리하게 이용 하게 되었습니다. 저의 카운터를 물어보시고 카운터 가까운 곳에 내려주시더라구요. 그래서 더욱더 편리하게 이용하게 되어서 새벽비행기도 괜찮을거 같더라구요. 택시가 안잡힐까봐 근처 호텔에서 묵을까 했는데 오히려 잘 잡혀서 앞으로도 아이엠택시 잘 이용 할거 같습니다.",AppStore
92,2021-09-08,5,다미쨩ㅋㅋ,아이엠 처음 깔아봤는데,신규 혜택도 좋고 그렇네요 ❤️ 강아지 태워서 일부러 프리미엄 써비스 ? 펫택시는 너무 부담되고 강아지가 얌전하지만 그래도 눈치안보고 갈 수 있는 서비스 찾았는데 너무너무 좋아요,AppStore
93,2021-09-08,5,미미공주화장대,i.m 첫탑승리뷰,"uh서울스위트호텔 갔다가
타게됬는데 승차감이 너무 좋고 집이 좁은 골목길이였는데도 집앞까지 안전하게 운행해주셨어요 ㅠㅠ
요즘 택시어플 너무 많구 승차거부랑 힘들었는데 앞으로는 아이엠만 이용해야겠어요 ㅎㅎ
이런 리뷰 처음 남겨봐요.. 너무 좋아서 추천입니당 ෆ",AppStore
94,2021-09-08,1,너프해보던가,운전기사 면허 재검토,"기사들 면허 다시 검사좀 해봐요, 차선 2개 먹고, 우회전 차선에 가만히 서있고, 차도에서 그냥 정차 하고, 신호위반, 부럽유턴, 끼어들기. GTA게임으로 면접봄?? 저번엔 보복하고 내리라 해서 내렸더니 아무말도 못하면서ㅋㅋㅋㅋㅋ 교육이나 또가로 하세요 ㅋㅋㅋㅋㅋ",AppStore
95,2021-09-08,5,띠숑이,아이엠택시 추천합니다.,"초기 임산부여서 버스나 지하철 이용하기가 어려워 거의 매일 아이엠택시 이용하여 출퇴근하고 있습니다. 
처음 아이엠택시를 탑승했을 때 차량내 공기가 너무 상쾌하고 시원해서 첫인상이 매우 좋았습니다. 차량내부에 공기 청정기가 있더라구요. 그리고 넓은 공간과 시트덕분에 편안하게 목적지까지 이동할 수 있습니다. 일반 택시를 타면 멀미를 할 때가 있는데 아이엠택시는 카니발이어서 그런지 멀미가 나지 않는 것도 장점이니다.
기사님들도 유니폼 착용하시고 기본적인 친절과 매너를 지켜주셔서 마음이 편합니다.
임산부나 아이를 키우시는 분들 이용하시기에 아주 편리한 서비스입니다. 광진구나 강동구에 거주하시는 분들은 아이맘택시 서비스로 지원금도 지급되니 신청하시면 좋겠네요.
조금 아쉬운 점은 아직 차량대수가 적어서 그런지 아침 출근 시간에는 호출이 좀 어려운데 아이엠 택시 많이 홍보하시고 성장하셔서 차량 대수 좀 늘려 주시면 좋겠습니다.",AppStore
96,2021-09-07,5,베이킷이지,강동맘택시 이용했어요😍,"강동맘 3만원 지원되서 
오늘 아기 BCG주사랑 b형간염주사 맞으려 이용했어요. 첫외출이라 많이 걱정했는데,
자동문에 친절한 기사님까지 덕분에 이동이 편안했습니다~ 지원 끝나고도 아기랑 외출할땐 아이엠 택시로 하려구요^^ 좋은 서비스 감사합니다~",AppStore
97,2021-09-07,5,처오오오,너무 좋았어요:),첫째아이 병원 예약이 되어있는데 100일도 안된 둘째도 같이 데려가야되서 아이엠을 이용해야겠다고 생각했어요 비도 많이 와서 걱정했는데 자동문에 내부도 쾌적하고 너무 만족했습니다 ^_^ 기사님도 너무 친절하셨어요~ 태블릿을 보니 광진맘택시라고 나오는걸 봤는데 얼른 성동구랑 다른 지역도 확대되었으면 좋겠네요! 아기 데리고 택시타는거 불편하고 걱정됐었는데 앞으로는 항상 아이엠 이용하려구요 :),AppStore
98,2021-09-07,5,dkstjdqks,항상 만족해요,피곤하거나 힘들 때 아이엠 택시가 정말 유용하더라고요! 앞으로도 해당 서비스를 정말 애용할 것 같아요 프리미엄 퀄리티를 합리적 가격에 활용하니 정말 따라올 앱이 없는 듯해요!,AppStore
99,2021-09-06,5,아이엠명동백작,청결 안전 택시 아이엠,"아이템 택시로 요즘 기사님의 편안한 서비스와
코로나 세균 박멸  청결함, 차량 운전 안전
완벽합니다 ! @walk_like_aman",AppStore
100,2021-09-06,5,ddwkim,정말 좋았어요,승차감이 너무 좋고 편안합니다,AppStore
101,2021-09-06,5,벙개장터,프리미엄 콜택시 앱중에서 제일 사용하기 깔끔하고 드라이빙도 만족스러워요,"여러 카니발 택시를 이용하고 있는데 아이엠택시가 제일 앱사용도 편리하고, 기사님들도 좋아요. 차도 신형 카니발이라서 깨끗하고 방역 소독도 다 해주셔서 좋아요!! 기본요금도 합리적이에요 🥰🥰 완전 만족스러워요!!",AppStore
102,2021-09-04,3,:;;;@;;;,;,좀 보라고 별 5개 줍니다. 기사분들 정말 친절하시고 차 내부도 깔끔하고 다 좋은데 간혹 전화 막아 놓으시는 기사님을 있는데 정말 화나네요. 잘못 된 길로 가고 계셔서 전화 걸었는데 전화를 막아 놓으시니;;; 1분 후 도착 이었는데 길 잘못 드셔서 6분 늘었다가 또 잘못 드셔서 10분 더 늘고 중요한 약속 늦어서 그냥 취소했네요. 제발 이런거 좀 고쳐주시길 바랍니다.,AppStore
103,2021-09-03,1,마왕호랑이,으음?? 왜 안잡히나요 계속,3시부터 호출하고 있는데 3시50분인데고 안잡히네요,AppStore
104,2021-09-03,5,Sangwook Seojun,다른 택시에 비해 내부가 쾌적해요,확실히 카니발 택시이니까 내부가 넓어서 좋은데 공기 청정기나 내부가 진짜 쾌적해요 가끔 담배 냄새 나서 택시 타기 싫은데.. 그런게 없어서 좋습니다,AppStore
105,2021-08-31,5,구범 길,차가 넓으니까 짐이 많아도 좋더라구요,여행갈 때 짐을 좀 많이 챙겨가는 스타일인데 IM 부르면 넓어서 좀 쾌적하게 갈 수 있더라구요 ㅋㅋㅋ,AppStore
106,2021-08-31,5,Lee Yewon,택시 안이 진짜 쾌적함..,콜택시나 프리미엄 택시 종종 이용하는 편인데 공기 청정기도 있고 다른 택시에 비해 내부가 훨씬 쾌적함,AppStore
107,2021-08-31,5,Jang Namsoo 91,카니발이라 그런지 승차감이 좋음 ㅋㅋㅋ,승용 택시는 가끔 기사님이 급정거나 급출발하면 어지럽고 그런데 카니발이라서 그런지 승차감이 좋음... 편안함 ㅋㅋㅋ,AppStore
108,2021-08-31,4,흥얼흥얼12345,아이앰 편하게 사용중입니다만….,"필요한 일이 있을때 편하게 잘 다니고 있습니다.
다만… 하나 치명적으로 아쉬운게…
콜이 잡히고 오는 시각
도착 예정시각이 참 안맞습니다.
맵데이터를 기반으로 하는것이겠지만 그 맵에는 교통상황에 대한 반영보단 그냥 거리별 예측시간만 나오는 느낌이었어요.
출퇴근시각에는 시간보다 15분도착예정이 30분을 넘기는 경우도 많았습니다.
이 시간부분만 좀 개선이 되었으면 하네요.",AppStore
109,2021-08-30,1,clasicca,차가 안잡혀요,써볼수가없네요 차가 없어서,AppStore
110,2021-08-29,5,원희 윤,호출할때 옵션기능 있음,택시타면 기사님이 말거는거 좀 불편해하는편인데.. 아이엠은 부를때 말안걸어주는 옵션이 있어서 그렇게하면 진짜 편하게 갈 수 있고.. 배차도 전에 다른거 쓸때보다 빨랐어요~ 운전도 안전하게 잘해주셔서 자주 이용할것 같아요,AppStore
111,2021-08-29,5,Yun Youngwhan,여러명이 타기에 좋아요,친구들이랑 같이 이동할때 택시 나눠서 타는거 보다 한 택시에 같이 이동하는게 좋아서 써봤는데.. 공기청정기도 있고 태블릿 피씨도있고 진짜 좋더라구요~ 기사님도 친절하셨어요!,AppStore
112,2021-08-29,5,Bae Jeon 1995,아이랑 같이 이동할때 추천,아이가 자꾸 차에서 가만히 안있는편이라서 택시 타면 난감한적이 많았는데.. 아이엠택시에 태블릿피씨가 있다고 해서 불러봤어요. 이동하는 동안 아이한테 만화 켜주니까 얌전히 있어서 편히 갔네요 ㅎㅎ 아이랑 이동하실때 주천해요~,AppStore
113,2021-08-27,5,Kang Soyoun,장거리는 아이엠 이용할거 같네요,짐 있을 때 이용하면 진짜 좋은거 같아요 차량 내부도 넓고 공기청정기 설치되어 있어서 진짜 쾌적했어요 승차감은 말할것도 없고 운전도 부드럽게 해주셔서 안전하게 잘 왔습니다,AppStore
114,2021-08-27,5,민아 주 93,엄마랑 처음 이용해봤는데 좋았어요,엄마가 택시 불러서 가자는거 이동하는 거리가 좀 있어서 편하게 가고 싶어서 아이엠 호출해봤어요 차량 내부가 넓어서 일단 마음에 들었는데 역시 승차감이 너무 편안하고 좋았습니다,AppStore
115,2021-08-27,5,Chang Sangho,강아지 병원갈 때 이용하고 있어요~,댕댕이 데리고 택시타면 종종 승차거부 있거든요ㅠㅠ 근데 아이엠 기사님 정말 친절하세요!! 그리고 차량 내부가 넓고 승차감 좋아서 너무 편안하게 왔어요,AppStore
116,2021-08-27,5,은정 편,짐 가지고 이동할 때 편해서 좋네요,친구네 집 잠시 공사한다고 저희에 짐을 좀 맡겼는데요 친구랑 같이 아이엠 타고 이동해봤는데 차안에 태블릿 피씨도 설치되어 있어서 둘이 심심하지 않게 왔어요 ㅋㅋ 공기청정기도 있어서 신기하네요,AppStore
117,2021-08-27,5,Jang Jungeun 54353,예민한 고양이 데리고 타기 좋아요~,저희집 고양이가 겁도 많고 예민한 성격이라서 일반 택시 타면 눈치 보인적이 한두번이 아니었어요 아이엠 길거리에서 자주 봐서 카니발 택시 궁금해서 불러봤는데 차량도 넓고 공기청정기 때문에 공기도 쾌적해서 좋았어요 너무 편하네요,AppStore
118,2021-08-25,5,Jo Jang101,멀리 이동할 때 좋습니다,장거리로 갈 때 지하철이나 버스는 불편하고 코로나 때문에 사람 많은데 불안하기도 하잖아요 택시타면 멀미를 자주 해서 아이엠 처음 호출해봤는데 운전도 부드럽게 해주시고 너무 편안했어요,AppStore
119,2021-08-25,5,Hong Sungryung214,공기청정기는 처음 보는거 같아요!,차량 내부에 공기청정기가 설치되어 있더라구요 ㅋㅋ 차 타면서 공기청정기는 처음 보는 것 같아요 기사님도 너무너무 친절하셔서 제가 다 감사한 마음이 들었고 앞으로 자주 이용할게요,AppStore
120,2021-08-25,5,Jung Sujung2311,처음 이용해봤는데 확실히 다르네요,기사님이 엄청 친절하셔서 가는 동안 내내 기분좋게 간 거 같아요 ㅋㅋㅋ 그리고 차 내부에 와이파이도 되고 공기청정기에.. 엄청 쾌적하더라구요 일반 택시랑은 확실히 다른 거 같아요,AppStore
121,2021-08-24,5,은지 서,승차 거부 이런게 없어서 좋아요 ㅠㅠ,반려견이랑 자주 택시를 이용하는데 가끔 승차 거부도 많이 당하거든요.. ㅠㅠ IM은 그런 게 없어서 좋습니당,AppStore
122,2021-08-24,5,Song Jungshik,확실히 넓으니까 좋은 거 같아요,직업 특성 상 택시를 많이 이용하는데 내부가 엄청 넓어서 장거리 이동할 때도 진짜 쾌적하게 갈 수 있어서 좋더라구요,AppStore
123,2021-08-23,5,쭈쭈쭈히히,우와,"키자마자 이제훈이 보여서 넘 좋네요*^^*
아이엠 택시 넘 편하게 사용하고 있습니다~~",AppStore
124,2021-08-23,5,지민 유,고양이랑 외출할때 좋아요,애완 동물키우는 분들중에 차없는 분들은 아마.. 택시 이용 많이하시는데 동물이랑 타는거 안좋아하는 기사님들이 종종있어요 ㅠ 고양이가 아픈데 택시 부르려니 동물은 좀 힘들겠다고 거부당했는데.. 아이엠은 그런 문의했을때 문제없이 기사님이 바로 와주셨어요~ 덕분에 편하게 동물병원에 다녀올 수 있었어요. 카니발택시라 넓고 쾌적하고 흔들림도 적어서 고양이도 안울더라구요^^;,AppStore
125,2021-08-23,5,Han Woojin,친구가 타보고 괜찮다고 해서,저도 이번에 이용해보게되었는데.. 다른 카니발택시도 타봤지만.. 만족도가 제일 높았네요^^ 와이파이랑 태블릿피씨가 있어서 이동하는동안 간단한 업무를 본다거나 하기도 괜찮고.. 운전도 편하게 하셔서 불편함도 없었어요.,AppStore
126,2021-08-22,1,girl0222,자꾸 꺼집니다.,"아이맘택시 신청하려고 들어갔더니
어플이 계속 꺼지길래 공장초기화도 했지만
여전히 자동종료되네요.
어플문제같습니다.",AppStore
127,2021-08-20,4,꼬브꼬브꼬브,기존 타다를 다시 타는 기분,"차는 좋아요. 근데 기사님이 복불복입니다. 
혼잣말로 욕설을 하는 분부터 무리한 운전을 하시는분, 계속 말을 거는 분까지.. 지금까지 타봤는데 70%는 그랬습니다. 타다는 한번도 그런적 없는데 말이죠. 
어쩔 수 없이 예전의 타다와 비교될 수 밖에 없어요. 계속 이용하고 싶도록 만들어주세요.",AppStore
128,2021-08-20,1,송송성숑시,공항 서비스,공항편 예약하려고 하는데 그 버튼만 누르면 앱이 크러시해요. 수정 좀 해주세요. 앱과 아이폰 모두 최신 버전입니다,AppStore
129,2021-08-15,3,ㅅㅌㄱㅁ,문자 발송,"요즘 02번 스팸이 많아 차단하는 사람이 많은데 문자 발송이 02번인 듯 하네요
따라서 가입조차 안됩니다
다른 회사들처럼 02번이 아닌 발신을 쓰시길 바랍니다",AppStore
130,2021-07-31,5,디지털놈아드,공항 서비스 편리합니다,"공항으로 갈 때 미리 예약해서 가니 편리합니다.

실내도 넓고 쾌적하고 운전기사분들도 친절합니다. 

오빠가 출퇴근으로 사용하는데 추천해주어 이용해보니 좋네요.",AppStore
131,2021-07-30,3,슬픈별에서,이용할때는 좋았으나,"차도 넓고, 짐 많은 날은 이용하기 편하고, 코로나시국에 좀 더 안전한 느낌도 들어서 좋았어요. 언제부터인가 카카오보다 아이엠택시를 더 이용하려고 어플 열고 했는데.... 택시가 너무 없어요.
좀 기사님들 확보한 다음에 운영하면 좋겠다는 생각이 들어요. 용산역에서 기차 내리자마자 짐도 많고, 고단해서 아이엠 켰는데... 전부다 20분 후, 제일 가까운게 10분 넘는 위치. 설정시간이 그렇지, 택시 위치보니 퇴근시간 맞물려서 더 걸리겠더라고요.
피곤하고 덥고 언제 그 시간 기다리나요. 요청 취소하고 조금 더 가까이 계시는 기사님 안계실까 계속 체크하는데, 결국 없어서 카카오 탔어요.
이렇게 기사님들 안계시면, 이용하기 넘 불편하죠 ㅠ",AppStore
132,2021-07-28,1,IceTuna,"아이폰12 프로맥스, 아이폰7플러스 튕김현상","계속튕김 실행안됨 리뷰 2트째 
지우고 새로받아도 도착지정하고 호출누르자 마자 튕김
그 이후로는 앱실행이 전혀 안됩니다",AppStore
133,2021-07-27,4,초만족,다 좋지만…,"편하고 일반 택시보다 서비스 및 운행이 다 좋지만 전기차, 수소차 시대에 천연가스 자동차의 선택이 아쉽습니다.",AppStore
134,2021-07-21,1,미싱missin,아이폰 12 프로 맥스,"아이폰 12 프로 맥스 
어플 시작하면 계속 팅겨서 이용을 못 하고 있어요",AppStore
135,2021-07-21,4,CBN_Y,서비스의 질을 유지시켜주세요,"저는 아이엠택시를 요즘 거의 매일사용하는 사람입니다. 20프로 쿠폰도 너무 잘 쓰고 있고요. (감사합니다) 그런데 요즘들어 기사님들의 서비스질이 좀 달라졌다고 느낍니다. 기존 택시와 별반 다를바가 없게 느껴질 때도 많아요. 숙련된 거리의 통치자(혹은 무법자)와 같은 택시기사님들의 운전방식 아시나요? 급정지, 무리한 끼어듦 등등. 그리고 저는 별 문제 없는데 굳이 기사님의 전화를 받고싶지 않거든요. 문제가 있는 경우를 제외하고 왜 콜이 잡히자마자 거기로 가면 되냐는 전화를 하는지 이해가 안갑니다. 제가 기존 카카오택시들에 가졌던 불만 중 하나가 기다리고있는데 굳이 앞에서 전화해서 ‘나 다 와가는데 어디냐’는 식의 확인 전화였는데 그것과 별반 다른 느낌없습니다. 
저는 아이엠택시가 기존 택시업계가 스스로를 혁신하겠다는 취지로 설립된 회사라고 알고 있고 그 취지에 크게 공감합니다. 앞으로도 저는 계속(적어도 당분간은) 이 서비스를 쓰긴할것 같아요. 그렇지만 분명 몇달 전까지만해도 서비스질의 혁신에 가깝다 느꼈던 아이엠의 서비스가, 단순히 조금 더 나은 선택지가 되어가고 있다는 생각을 지울 수 없습니다. 무척 안타깝습니다. 어떤 내부적인 변화가 있으신지는 제가 잘 알수는 없습니다. 혁신이란게 쉬운일이 아니니 너무 해결해야할 일이 많고 힘드실 것도 이해가 돼요. 사업을 확장하고 더 많은 고객에게 좋은 서비스를 주기 위해더 많은 기사님들이 빠르게 충원되었어야 했고 그 과정에서 서비스의 하향평준화의 조짐이 보이게 되었을까요?  (절대 모든 기사님이 그렇다는 것은 아니니 특정 기사님에 대한 타겟은 하지말아주세요) 
아이엠서비스를 응원하기 때문에 써본적 없는 앱리뷰를 처음으로 씁니다. 쓴소리이지만 너무 가슴아프게 생각하지 말아주세요. 아이엠택시는 한국에 꼭 존재해야할 서비스입니다.",AppStore
136,2021-07-20,4,김하람,다 좋은데…,친구의 추천으로 앱 다운받고 대여섯번 이용했는데 차량도 쾌적하고 대부분의 기사님들도 다 좋으십니다만 어제 만난 기사분은 네비를 잘 못 보시는 분인지 처음 도착때부터 담벼락 바깥쪽으로 와서 기다리시더니 도착지에 가서도 직진해야하는곳에서 우회전해서 네비상의 목적지에서도 점점 멀어지는데도 여기 아니냐며(심지어 긴 담벼락이 연속된 곳 한복판에서 담벼락 건너 저기 아니냐며 )내리라는데 제가 ‘그래도 들어갈 수 있는 입구엔 내려주셔야죠’ 그랬더니 자기는 네비가 시키는대로 왔다고 역정을 내시며 그러면 손님이 알려달라해서 아이엠앱의 지도를 보여드리며 ‘제 목적지는 여기인데 점점 멀어지잖아요’하고 말씀드렸는데도 계속 본인은 네비대로 왔다고 화를 내셔서 택시에서 내리고도 한참동안 불쾌했습니다. 어제의 불쾌함에도 불구하고 오늘 또 아이엠택시를 불렀지만 다른 회사택시에도 있는 ‘이 기사분 만나지않기’같은 기능이 추가되면 좋겠습니다,AppStore
137,2021-07-18,5,ㅎㅎㅎㅎㄹㄴㄱㄹㅊ,너무 좋아요!,"오늘 택시를 급히 탈 일이 있어서 광고 보고 앱 설치 후 이용해보았습니다!
약속 장소 갈 때 한 번, 집 올 때 한 번 타 봤는데 두 번 다 너무너무 만족했어요😘
기사님들께서 너어어어어무 친절하시고 차량 내부도 넓고 쾌적하고 너무 좋았습니다
돈 조금 더 내더라도 저는 아이엠 이용할 것 같아요 ㅎㅎ
나중에 부모님께서도 택시 탈 일 생기시면 아이엠으로 불러드려야겠어요 
앞으로도 애용하겠습니다💛",AppStore
138,2021-07-15,5,리뷰 안씀,앱 강제종료 현상,아이폰 xs ios 14.6 버전 사용중인데 앱이 계속 강제종료 됩니다. 로딩창에서 그냥 꺼져버립니다. 택시 불러서 타고 싶은데 앱이 실행이 안되요 ㅜㅜㅜ,AppStore
139,2021-07-15,1,이슈타르1,어플 구동이 안되네요,"정말 최악이네요 퇴근시간만 되면 어플이 안되나여 메인화면에서 넘어가지도 않고 겨우 넘어간뒤에도 
도착지 넣고나서 또 다음으로 안넘어가고 ㅡㅡ
쓰라는건지 말라는건지 ㅡㅡ",AppStore
140,2021-07-11,4,ㅓ로오ㅠㅑ뮤ㅗㅕㅗㅠㅐㅁ,와이파이가 없어요 ㅠㅠ,항상 빠르게 잡히고 확실히 쾌적해요 ! 아쉬운건 매번 와이파이가 없어요.. 와이파이가 잡히는 차를  탄 적이 없네요 ㅠㅠ 애초에 된다는 말도 없으면 아쉽지도 않을텐데 스티커도 다 붙어있는데 와이파이가 안되니까 아쉬워요.. 전 개인적으로 아임택시 탈땐 40-50분 가는 거리를 타는거라 와이파이가 있음 더 좋은데 아쉽네요,AppStore
141,2021-07-11,4,xoguswkd5,기사님 인원,아직 기사님이 많이 없으신것 같아요 콜이 잘 안잡히네여 ㅠㅠ,AppStore
142,2021-07-09,5,Jeon Sewon,기사님 완전 짱친절!,일반 택시 타면 기사님들 쓸데없이 말 거는거 너무 싫었는데 아이엠 기사님은 좀 센스가 있는 것 같더라구요ㅋㅋ 친절하시기도 하고 내부도 쾌적해서 자주 이용하고 있어요ㅋㅋ 장거리로 다녀도 큰 불편함 못 느낄듯?,AppStore
143,2021-07-09,5,Seo Jina,생각보다 넓어서 좋네요ㅋㅋ,요즘 비오는 날 많아져서 우산은 필수인데 일반 택시 타면 우산에 물기 옷에 다 묻어서 찝찝했거든요ㅜㅜ 근데 카니발 택시라 그런지 내부가 넓어서 옷 젖을 일도 없고 일반 택시보다 편해서 좋네요ㅋㅋ,AppStore
144,2021-07-09,5,Jung Bae 27,처음 이용해봤어요,일반 승용차 택시만 타다가 카니발택시 좋다는 이야기 듣고 친구랑 같이 이용해보게 되었는데요. 넓고 쾌적한데 기사님이 운전도 잘해주셔서 이동하는 동안 멀미없었어요~,AppStore
145,2021-07-08,5,Jun Minji,확실히 좋네요,그전에도 카니발택시는 이용해봤는데.. 아이엠이 제일 만족스럽네요. 승차감도 좋았고 가는동안 태블릿피씨를 이용해서 시간을 보낼수 있었어요,AppStore
146,2021-07-08,2,Lrrttdcbhj56,너무 너무 안잡혀요,다들 어떻게 타시는거지..,AppStore
147,2021-07-07,5,Han Somin 82,직업상 짐이 많은데,택시가 너무 안와서 처음 이용해봤어요 제 친구가 평소에 아이엠 자주 이용하거든요 배차도 빠르고 기사님도 유니폼 착용에 친절하셨습니다 좌석도 너무 편해서 가는동안 편히 쉬었어요 또 이용할 계획입니다,AppStore
148,2021-07-06,5,Woo Yunyoung,한강피크닉갈때 딱!!,친구들이랑 한강 피크닉갈때 이용했는데 너무 좋아요 좌석도 넓어서 여럿이 타도 여유있었고 짐 싣기도 너무 좋고요 쾌적함은 덤~~ 너무 더웠는데 차도 빨리 왔고 타자마자 너무 쾌적해서 좋았습니다 기사님도 너무 친절하셨어요,AppStore
149,2021-07-06,5,Jang Youngho,앞으로 자주 이용할게요!!!,반려동물 데리고 멀리 갈일이 있었는데 택시가 잘 안 잡히고 겨우 잡은 택시는 승차거부 당했어요ㅠㅠ 친구가 얘기해줘서 처음 이용해봤는데 승차감도 좋고 기사님 친절함에 감동이... 안에서 와이파이도 쓸 수 있어서 더 좋았어요!!,AppStore
150,2021-07-06,5,Jung Hongsun,광고 보고 처음 이용했어요,후기 꼼꼼하게 따지는 스타일인데 후기도 괜찮더라구요 ㅋㅋ 이번에 회사까지 짐을 좀 옮길게 있어서 처음 이용해봤는데 승차감이 확실히 다르네요 기사님도 너무 친절하셨어요 ㅋㅋ,AppStore
151,2021-07-05,5,Choi Kim 27,강아지 키우시는 분들한테 추천,전에 콜택시 이런거 불러서 종종 강아지랑 이동한적있는데 사전에 이야기해도 기사님들이 별로 안좋아하시는게 느껴지더라구요.. 카니발이라서 큰것도 좋지만 기사님이 친절하시고 차가 쾌적해서 이동할때 너무 좋았어요~ 다음에도 또 이용할거에요!,AppStore
152,2021-07-05,5,Choi Sungryung,짐있고 멀리갈때 딱임,카니발 택시는 전에도 종종 이용해봤는데.. 이게 제일 나은느낌이에요~ 안에 와이파이도 있고 태블릿피씨도 있어서 편하고 지루하지않게 이동했어요!,AppStore
153,2021-07-05,5,도현 심,처음 이용해봤는데,만족해요. 전에 길에서 카니발택시 있는거 보고 마침 짐많은데 이동할일 생겨서 써봤는데 기사님도 친절하고 내부가 깔끔하고 이동 편하게 했어요,AppStore
154,2021-07-04,5,Ahn Hwang,택시 안잡혀서 탔는데 좋았습니다,택시가 안잡혀서 한 번 불러봤는데 기사님도 친절하시고 내부가 넓어서 정말 편하게 탔어요. 일반 택시 타면 작아서 멀미 많이 했는데 너무 편했네요,AppStore
155,2021-07-04,5,Go Suwon,쾌적하게 탈 수 있었습니다.,내부도 넓고 공기청정기에 승차감이 너무 좋아서 쾌적했어요. 다음에 또 부를 것 같네요,AppStore
156,2021-07-04,5,An Sewon,자주 이용해야겠어요,고양이 케이지에 넣고 타도 거부 당하는 경우가 많았는데 카니발 택시는 거부가 없어서 좋았어요,AppStore
157,2021-07-03,5,선우 심,와이파이도 되네요,이번에 카니발 택스 처음으로 타봤는데 와이파이되는게 엄청 신기했어요 ㅋㅋㅋ,AppStore
158,2021-07-03,5,재연 천 5665,진짜 쾌적하네요,안이 넓어서 편하다라는걸 많이 봤었는데 직접 타보니깐 진짜 편하더라구요. 내부가 넓고 승차감이 정말 좋았습니다,AppStore
159,2021-07-03,5,나리 선 342,?? ???? ???????,택시 콜이 안잡혀서 불러봤는데 리무진시트 때문에 승차감도 좋고 안이 넓어서 편안하게 탔네요,AppStore
160,2021-07-01,5,민석 도,다음에 또 이용할거임,택시에 테블릿PC가 있어서 멀리가게 될때 이용하면 심심하지않게 갈 수 있을 것같아요~,AppStore
161,2021-07-01,5,병철 방,실제로 이용해보니 편함,카니발 택시는 보기만 하고 처음 이용하는데 넓고 쾌적해서 좋았음. 급하게 가야해서 이용했는데 운전도 부드럽게 잘하시고 친절해서 불편함 없었음,AppStore
162,2021-07-01,5,Gwon Mijung,택시에 와이파이쓸 수 있어요,약간 장거리 이동이기도 했고 짐도 있어서 카니발택시 부른건데 가는동안 와이파이를 쓸수 있어서 업무도 보고 편했어요,AppStore
163,2021-06-29,5,마지막밤,모르고  탔는데 푹 빠져버림,"기본요금이 일반 택시보다 조금 비싸요 참고하세요.
하지만  너무 편하고 패밀리카 타는 느낌. 좌석 엄청 편해요. 실내도 쾌적해요. 아주  칭찬함. 바로 어플깔고 가입했어요ㅎㅎ",AppStore
164,2021-06-01,4,이이이이이렇게,카니발,편하게 잘 탔습니다 ㅎ,AppStore
165,2021-06-01,2,몽키쇼,"시설은 만족하지만, 기사님들 운전은 답답...",네번 이용했는데 왜 하나같이 다 돌아가는것 같지요? 생전 처음 보는 길로 가고 막히는 길로 가고.. 운전하지 않는 차 타면 멀미가 심한데 아이엠택시는 쾌적하고 넓고 만족합니다. 하지만 기사님들 운전하는것 보고 있으면 답답해서 멀미가 나네요.,AppStore
166,2021-05-25,5,하갈라랄ㄹ,좋아요,강북에서 카니발 택시 잡기가 어려웠는데 배차도 잘되고 만족합니다 기사님들도 친절하세요,AppStore
167,2021-05-25,1,아이앰타고싶어요,위치설정 불가,얼마전부터 앱에서 위치설정이 안돼서 서비스 이용을 못하고 있습니다. 빠른 조치 부탁 드립니다.,AppStore
168,2021-05-24,5,Haeun Hwang21,편안하게 집에 도착했어요,해외 생활 끝나고 나서 귀국했는데 캐리어가 4개나 있어서 택시 잡기가 너무 어려웠어요. 다행히 아이엠 택시에선 전부 실어넣고 집까지 갈 수 있어서 좋더라고요. 카니발이라 그런지 넓기도 하고 승차감도 좋아서 편안하게 집에 도착했어요.,AppStore
169,2021-05-24,5,Park Junhyung,자주 이용할 것 같네요~,"솔직히 IM이용해보면서 느낀점이 승차감, 친절함, 쾌적함 등이 진짜 중요한거라고 생각되는데 전부 만족시켜줄 뿐만 아니라 WIFI도 사용 가능한지라 기분이 좋은 것 같네요. 앞으로 택시 부를 일 있으면 종종 부를 것 같아요",AppStore
170,2021-05-24,5,Suh Sangcheol,깔끔해서 좋은 것 같아요,요즘 같은 코로나시대에 택시도 살짝 조심스러워지는데 IM은 공기청정기를 틀어놔서 그런지 더 쾌적하고 좋은 것 같더라구요. 게다가 WIFI사용도 가능하다보니까 가는길에 심심한 적은 단 한번도 없는 것 같네요 ㅎㅎ,AppStore
171,2021-05-18,5,Sinae Kubum,만족스럽네요,카니발 택시는 처음 이용해봤는데 넓어서 좋기도 하고 의자도 고급 같아서 엄청 편하게 이용했습니다 공기청정기도 있는거 같던데 엄청 쾌적하게 왔네요,AppStore
172,2021-05-18,5,Jongsoo Han,편하고 기사님 친절해요,조용하게 이동하고 싶은데 택시에서 냄새나고 기사님이 자꾸 말걸면 불편해도 티를 못내는편이라 왠만한 택시앱 써봤는데 이게 제일 제스타일이에요!!! 승차감은 말하면 입아프고 쾌적해서 멀미한번 안났어요!!!,AppStore
173,2021-05-09,5,babyujinni,완전 대만족입니다!,기사님들 정말 친절하시고 승차감 좋고 안전 운행 해주셔서 감사합니다! 또 무엇보다 택시 내부가 아주 깨끗하고 코로나 시국에도 걱정없이 잘 이용할수 있을거 같아요!,AppStore
174,2021-05-06,3,돌골돌골,어플 안정성만 좀 ..,"쾌적하고 너무 좋아서 자주 이용하고싶은데
언제는 어플이 켜지고 언제는 아예 열리지도 않아요
다시 깔아도 그대로고..
아침에는 됐다가 낮에는 안되는 아이러니
이용할마음 백프론데 어플 안정성이 안따라주네요
덕분에 서울개인택시타고 냄새어택당해서 코로 숨 못쉬는중 기사님 인생 일대기와 자식자랑 듣는중입니다~~~~~~~~~~^____^",AppStore
175,2021-04-25,5,하나나나나마,재가입이 안되네요,30일 지난 것 같은데 재가입이 안돼요,AppStore
176,2021-04-22,5,유죠이님,진짜 너무너무너무좋아요,"택시타면서 이렇게 기분좋고 편한적 처음이에요ㅜㅜ 하 증말,,,, 없어지지않고 더 승승장구하시길!!!!",AppStore
177,2021-04-22,5,능동로로듕,넘  편안해요~,우연히 한번 타게 됐는데 너무 좌석이 편해요 ㅎㅎ 택시 특유의 냄새도 안나고 차가 커서 그런지 원래 차타고 뭐보면울렁증 심한데 급하게 서류보며 가는데도 괜찮더라구요 가격도 걱정만큼 비싸지도 않고 택시 타면 크고작게 안좋은 기억들이 많아서 잘안타게 됐는데 요즘은 종종 아이엠 이용하게 되네요. 일반 택시보단 친절한 기사님 만날 확률이 높아요,AppStore
178,2021-04-22,4,바꿔주세요 제바류,통화,탑승후에도 기사님과 통화할수있는 기능 만들어주세요,AppStore
179,2021-04-21,5,박 경태,방금 첫이용,"택시 안잡혀서 곤란해 하던중
갑자기 잡혔다. 너무 가깝고 골목이라 타기전 미리 여쭤봤는데 정말 흔쾌히, 그리고 당연히 모셔드려야한다며 기분좋게 데려다 주셨다. 
친절하다는것도 마음에서 우러나오는 친절에 명함까지 받아서 바로 설치하고 후기남김.
무슨 직원같이 리뷰를 써버렸지만 오랫만에 느끼는 감동이라 후기 남깁니다. 후기가 평판이 되고 평판이 사업이 되는 세상에 남겨야 인지상정.
앞으로도 자주 이용할게요~",AppStore
180,2021-04-14,1,??어케하는건지,x레기임,입국해서 부르려보니 호출고 안되고 시간낭비 스트레스네요.,AppStore
181,2021-04-11,5,서울123,왠만하면 안남기는데 최고입니다,일단 깨끗하고 리무진 시트에 가솔린 카니발이라 훨씬 좋은거 같고 친절합니다. 돈 더 주고 탈만한 것 같습니다,AppStore
182,2021-04-02,5,hanwhabsst,아이엠 택시,"운전기사님이 너무 친절하십니다
차안도 쾌적하구요",AppStore
183,2021-04-01,5,뚱뚱둥보,일반택시보다 훨씬 낫네요,서비스가 좋아서 대우받는다는 느낌이었습니다. 그리고 배터리 충전이 되는 점도 좋았습니다. 호출지역이 한정되는 점이 너무 아쉽네요. 자주 이용하겠습니다.,AppStore
184,2021-03-31,5,nyo131,앞으로 아이엠만 타고싶음,"송파에서 이용했는데 택시내부 완전 깔끔하고
기사님도 친절 정확하게 안내해주시고 좋았음
요즘 코로나땜에 택시타기도 좀 그런데
위생 면에선 완전 안심하고 탈 수 있는 택시어플이라 추천",AppStore
185,2021-03-31,1,이눙이눙,처음 이용했는데,"운전도 정말 멀미나고 기사님도 정말 이상합니다.
결제가 됐는데 결제안됐다고 계속 우기시다가 확인해보시더니 결제가 되어있더군요. 
정말 다시는 이용안할거고 완전 비추합니다 절대 다운받지마세요!!!!!!",AppStore
186,2021-03-30,5,봉애봉,너무 만족스럽습니다!,"처음 타봤는데 너무 만족스럽습니다! 
코로나시국에 살균처리도 잘 되어있고 기사님도 친절하셔서 안심하고 이용했어요.
재이용의사 100%입니다^^",AppStore
187,2021-03-29,5,파크파크파크,너무 좋아용,처음 이용해봤는데 택시보다 훨 쾌적해서 편하게 이동할수있었어요ㅎㅎ 앞으로도 재이용의사 100퍼입니다!,AppStore
188,2021-03-22,1,이거뭐래,별로임,짜증나서 다시는안쓸거임.앱사용 완전불편함,AppStore
189,2021-03-10,5,봉걸,뒷자석 햇빛 가리개 좀 설치해주세요,다른 카니발 택시(구형에도) 에는 기본적으로 달려있습니다 일반 승용차와 다르게  뒷창문이 커 햇빛이 상당이 세게 들어옵니다 눈이 부셔서 안락하게 쉴수가 없습니다,AppStore
190,2021-02-26,1,애나공쥬내가짱,0점은 없나요?;;,구두신어서 바로 집앞으로 주소찍어서 불렀는데 한참 골목옆에 차 대놓고 주소대로 왔다고 바득빠득 우기질 않나 .. 말 안걸줄 알고 처음 불러본건데 혼자서 중얼중얼.. 아진짜 극혐 혼자 운전하고 다니던가해야지...,AppStore
191,2021-02-09,1,백멧,최악,무슨 여유가 그렇게 많은지 양보를 다하면서 혼자만 여유롭게 운전하고 승객이 다른길로 가달라는 말은 다 무시한채 그러거나 말거나..삼성동에서 신사동까지 무려 2만원 가까이! 이해 할 수 있나요..?,AppStore
192,2021-02-02,2,Tree6837,드라이버,차량 쾌적합니다 다만 드라이버 평점관리가 필요함 전문교육 필수,AppStore
193,2021-01-29,5,하에이누,기사님 호출,편하게 잘 쓰고 있습니다. 다만 너무 멀리 계신 기사님한테 호출되는 경우가 있네요. 3분 거리 기사님한테 호출이 안되면 5분 거리 기사님한테 호출하고 점점 멀리 계신 기사님께 호출을 드리는 시스템이 되었으면 좋겠어요.,AppStore
194,2021-01-13,5,Jmshyh,빠르고 좋습니다.,자주 이용할께요.,AppStore
195,2021-01-08,5,주식대박,편리하고 깨끗해요,앞으로 더 자주 이용할께요^^,AppStore
196,2020-12-31,5,달릴까코바,요긴하게 이용했습니다,"역삼동 사무실에 안전하고 쾌적하게
탑승하고 필요한 기능 많아서 댓글스르륵
잇츠굿 저스트 두잇!
부루루루룽!!!",AppStore
197,2020-12-31,5,뭐여오마니,진짜 넓고 쾌적함,콜만 바로바로 잡히면 진짜 최고일듯,AppStore
198,2020-12-30,5,윤석열,좋네요,"택시보다 훨씬 낫네요

차만 좀 늘리면 

원할때 어디서든 이용할거같아요",AppStore
199,2020-12-29,5,불꽃프로,아이엠택시,일반 택시에 비해 넓어서 너무 좋아요~,AppStore
